{
  "rows": [
    {
      "year": 2023,
      "mode": "cov",
      "think": "OFF",
      "n": 8,
      "mean": 0.6564562582554607,
      "std": 0.19014523136348735,
      "min": 0.5061293578589865,
      "max": 1.0228775066220865,
      "median": 0.5762791490491281,
      "rmses": [
        0.8532433280645974,
        0.562044417183153,
        0.5061293578589865,
        0.6959540767081908,
        0.5061293578589865,
        0.5905138809151033,
        1.0228775066220865,
        0.5147581408325823
      ],
      "forecasts": [
        [
          4.8,
          4.7,
          4.6,
          4.5,
          4.4,
          4.3,
          4.2,
          4.1,
          4.0,
          3.9,
          3.8,
          3.0
        ],
        [
          4.8,
          4.6,
          4.4,
          4.2,
          4.0,
          3.8,
          3.6,
          3.5,
          3.4,
          3.3,
          3.2,
          3.1
        ],
        [
          4.5,
          4.3,
          4.1,
          3.9,
          3.7,
          3.5,
          3.4,
          3.3,
          3.2,
          3.1,
          3.0,
          2.9
        ],
        [
          5.0,
          4.8,
          4.6,
          4.4,
          4.2,
          4.0,
          3.8,
          3.6,
          3.4,
          3.2,
          3.0,
          2.8
        ],
        [
          4.5,
          4.3,
          4.1,
          3.9,
          3.7,
          3.5,
          3.4,
          3.3,
          3.2,
          3.1,
          3.0,
          2.9
        ],
        [
          4.4,
          4.1,
          3.8,
          3.5,
          3.3,
          3.1,
          3.0,
          2.9,
          2.8,
          2.7,
          2.6,
          2.8
        ],
        [
          5.0,
          4.9,
          4.8,
          4.7,
          4.6,
          4.5,
          4.4,
          4.3,
          4.2,
          4.1,
          4.0,
          3.9
        ],
        [
          4.4,
          4.3,
          4.1,
          3.9,
          3.7,
          3.5,
          3.4,
          3.3,
          3.2,
          3.1,
          3.0,
          2.9
        ]
      ]
    },
    {
      "year": 2023,
      "mode": "cov",
      "think": "ON",
      "n": 8,
      "mean": 0.7851229155643917,
      "std": 0.15726190987043906,
      "min": 0.5221799276942288,
      "max": 0.9394176087094688,
      "median": 0.8591533276767316,
      "rmses": [
        0.8650633272888658,
        0.5221799276942288,
        0.6946559293780507,
        0.8650633272888658,
        0.9394176087094688,
        0.6061343719727087,
        0.8532433280645974,
        0.9352255041183473
      ],
      "forecasts": [
        [
          4.8,
          4.7,
          4.6,
          4.5,
          4.4,
          4.3,
          4.2,
          4.1,
          4.0,
          3.9,
          3.8,
          3.7
        ],
        [
          4.5,
          4.3,
          4.1,
          4.0,
          3.8,
          3.6,
          3.5,
          3.4,
          3.3,
          3.2,
          3.1,
          3.0
        ],
        [
          4.2,
          4.0,
          3.8,
          3.5,
          3.3,
          3.2,
          3.0,
          2.8,
          2.7,
          2.6,
          2.5,
          2.4
        ],
        [
          4.8,
          4.7,
          4.6,
          4.5,
          4.4,
          4.3,
          4.2,
          4.1,
          4.0,
          3.9,
          3.8,
          3.7
        ],
        [
          5.0,
          4.9,
          4.8,
          4.7,
          4.6,
          4.5,
          4.3,
          4.1,
          3.9,
          3.7,
          3.5,
          3.4
        ],
        [
          4.8,
          4.6,
          4.4,
          4.3,
          4.1,
          3.9,
          3.7,
          3.6,
          3.5,
          3.4,
          3.3,
          3.2
        ],
        [
          4.8,
          4.7,
          4.6,
          4.5,
          4.4,
          4.3,
          4.2,
          4.1,
          4.0,
          3.9,
          3.8,
          3.0
        ],
        [
          3.5,
          3.4,
          3.3,
          3.1,
          3.0,
          2.8,
          2.7,
          2.6,
          2.5,
          2.4,
          2.3,
          2.5
        ]
      ]
    },
    {
      "year": 2023,
      "mode": "univar",
      "think": "OFF",
      "n": 8,
      "mean": 0.6383325815953227,
      "std": 0.11121787109188201,
      "min": 0.5147581408325823,
      "max": 0.8650633272888658,
      "median": 0.6340366349746018,
      "rmses": [
        0.562044417183153,
        0.6305717063798137,
        0.5147581408325823,
        0.8650633272888658,
        0.6629423003198821,
        0.5378251204807036,
        0.6375015635693898,
        0.6959540767081908
      ],
      "forecasts": [
        [
          4.8,
          4.6,
          4.4,
          4.2,
          4.0,
          3.8,
          3.6,
          3.5,
          3.4,
          3.3,
          3.2,
          3.1
        ],
        [
          4.4,
          4.3,
          4.1,
          3.9,
          3.6,
          3.4,
          3.2,
          3.0,
          2.8,
          2.7,
          2.6,
          2.5
        ],
        [
          4.4,
          4.3,
          4.1,
          3.9,
          3.7,
          3.5,
          3.4,
          3.3,
          3.2,
          3.1,
          3.0,
          2.9
        ],
        [
          4.8,
          4.7,
          4.6,
          4.5,
          4.4,
          4.3,
          4.2,
          4.1,
          4.0,
          3.9,
          3.8,
          3.7
        ],
        [
          4.5,
          4.3,
          4.1,
          3.9,
          3.7,
          3.5,
          3.3,
          3.1,
          2.9,
          2.7,
          2.5,
          2.3
        ],
        [
          4.7,
          4.4,
          4.1,
          3.8,
          3.5,
          3.3,
          3.1,
          3.0,
          2.9,
          2.8,
          2.7,
          2.6
        ],
        [
          4.8,
          4.6,
          4.4,
          4.2,
          4.0,
          3.8,
          3.6,
          3.4,
          3.2,
          3.0,
          2.8,
          2.6
        ],
        [
          5.0,
          4.8,
          4.6,
          4.4,
          4.2,
          4.0,
          3.8,
          3.6,
          3.4,
          3.2,
          3.0,
          2.8
        ]
      ]
    },
    {
      "year": 2023,
      "mode": "univar",
      "think": "ON",
      "n": 8,
      "mean": 0.7585554874579823,
      "std": 0.17472882173176532,
      "min": 0.562044417183153,
      "max": 1.0228775066220865,
      "median": 0.6663287231991177,
      "rmses": [
        1.0056535819489483,
        0.6606399500131799,
        1.0228775066220865,
        0.6500370196279208,
        0.8345339778703342,
        0.6629423003198821,
        0.562044417183153,
        0.6697151460783533
      ],