{
  "hcx_per_seed_rmses": [
    0.2666231774157114,
    0.25747022883286913,
    0.26240720976232723,
    0.2685603167544491,
    0.2613642931527755
  ],
  "trend12_rmse": 0.25745165925833247,
  "ar1_rmse": 0.2641090976523824,
  "ensemble_50_per_seed_rmses": [
    0.2375315292358819,
    0.2267430391218825,
    0.22958270344702741,
    0.23961822571572425,
    0.24036317537076768
  ],
  "ensemble_70_per_seed_rmses": [
    0.24360764647982727,
    0.23193558434849298,
    0.23579917792436042,
    0.24590918743148513,
    0.24434390216601118
  ],
  "ensemble_30_per_seed_rmses": [
    0.23962900632287384,
    0.2319273389122643,
    0.2336038902879222,
    0.24110996186607614,
    0.24267667331979118
  ],
  "optimal_weights_per_seed": [
    0.45,
    0.5,
    0.5,
    0.45,
    0.45
  ],
  "optimal_rmses": [
    0.23728365597161719,
    0.2267430391218825,
    0.22958270344702741,
    0.23925423886136643,
    0.240350115295389
  ],
  "median_ensemble_rmse": 0.24570843206498633
}