{
  "methods": {
    "Mean (current default, baseline)": {
      "preds": [
        2.0700000000000003,
        2.08,
        2.3,
        2.2399999999999998,
        1.9599999999999997,
        2.1900000000000004,
        2.38,
        2.5
      ],
      "rmse": 0.2504185770569946,
      "mae": 0.20266324999999996
    },
    "Median (Self-Consistency aggreg.)": {
      "preds": [
        2.1,
        2.1,
        2.3,
        2.2,
        1.8,
        2.15,
        2.4,
        2.5
      ],
      "rmse": 0.26240720976232723,
      "mae": 0.22141325
    },
    "Trimmed mean (k=1, drop min+max)": {
      "preds": [
        2.0833333333333335,
        2.1,
        2.3,
        2.2333333333333334,
        1.9000000000000001,
        2.1666666666666665,
        2.4,
        2.5
      ],
      "rmse": 0.2557663362040634,
      "mae": 0.20891325
    },
    "Min seed (cherry-pick optimistic)": {
      "preds": [
        2.0,
        2.0,
        2.3,
        2.2,
        1.8,
        2.15,
        2.3,
        2.5
      ],
      "rmse": 0.26567864749589876,
      "mae": 0.23391325000000002
    },
    "Max seed (cherry-pick pessimistic)": {
      "preds": [
        2.1,
        2.1,
        2.3,
        2.3,
        2.3,
        2.3,
        2.4,
        2.5
      ],
      "rmse": 0.2666231774157114,
      "mae": 0.2021507499999999
    },
    "Consensus (3-closest-to-median)": {
      "preds": [
        2.1,
        2.1,
        2.3,
        2.2,
        1.8,
        2.15,
        2.4,
        2.5
      ],
      "rmse": 0.26240720976232723,
      "mae": 0.22141325
    },
    "Bias-corrected mean (TTA-style)": {
      "preds": [
        2.0700000000000003,
        1.9118399999999998,
        2.260776,
        2.1452183333333332,
        1.7304516666666665,
        1.9778976666666674,
        2.2999733333333334,
        2.6333106666666666
      ],
      "rmse": 0.3110391478143376,
      "mae": 0.28880604166666657
    },
    "Trend12 baseline alone": {
      "preds": [
        1.779284136363636,
        1.8730751818181823,
        2.0356965909090907,
        2.2139787727272724,
        2.1565345000000002,
        2.171000181818181,
        2.1827625303030307,
        2.223586848484849
      ],
      "rmse": 0.25745165925833247,
      "mae": 0.2054887253787878
    },
    "Ensemble HCX 50% + Trend12 50%": {
      "preds": [
        1.9246420681818182,
        1.9765375909090912,
        2.1678482954545455,
        2.226989386363636,
        2.05826725,
        2.180500090909091,
        2.2813812651515155,
        2.3617934242424248
      ],
      "rmse": 0.23127989582446623,
      "mae": 0.16323662215909082
    },
    "Ensemble HCX 70% + Trend12 30%": {
      "preds": [
        1.9827852409090907,
        2.0179225545454544,
        2.220708977272727,
        2.2321936318181814,
        2.0189603499999995,
        2.1843000545454547,
        2.320828759090909,
        2.4170760545454546
      ],
      "rmse": 0.2335311859299515,
      "mae": 0.1790072732954545
    },
    "Ensemble HCX 30% + Trend12 70%": {
      "preds": [
        1.8664988954545452,
        1.9351526272727275,
        2.1149876136363632,
        2.2217851409090903,
        2.09757415,
        2.176700127272727,
        2.2419337712121212,
        2.3065107939393945
      ],
      "rmse": 0.2365704378186273,
      "mae": 0.1583872986742423
    }
  },
  "actuals": {
    "2025-05": 1.90184,
    "2025-06": 2.169712,
    "2025-07": 2.094103,
    "2025-08": 1.66754,
    "2025-09": 2.10205,
    "2025-10": 2.38033,
    "2025-11": 2.447552,
    "2025-12": 2.314855
  }
}