{
  "targets": [
    "2025-05",
    "2025-06",
    "2025-07",
    "2025-08",
    "2025-09",
    "2025-10",
    "2025-11",
    "2025-12"
  ],
  "actuals": {
    "2025-05": 1.90184,
    "2025-06": 2.169712,
    "2025-07": 2.094103,
    "2025-08": 1.66754,
    "2025-09": 2.10205,
    "2025-10": 2.38033,
    "2025-11": 2.447552,
    "2025-12": 2.314855
  },
  "forecasts": {
    "2025-06": [
      2.1,
      2.1,
      2.1,
      2.0,
      2.1
    ],
    "2025-05": [
      2.0,
      1.9,
      2.1,
      2.05,
      2.1
    ],
    "2025-07": [
      2.3,
      2.3,
      2.3,
      2.5,
      2.3
    ],
    "2025-08": [
      2.4,
      2.3,
      2.2,
      2.3,
      2.3
    ],
    "2025-09": [
      1.8,
      2.1,
      1.7,
      1.8,
      1.8
    ],
    "2025-10": [
      2.2,
      2.15,
      2.3,
      2.15,
      2.15
    ],
    "2025-11": [
      2.5,
      2.4,
      2.5,
      2.4,
      2.5
    ],
    "2025-12": [
      2.5,
      2.5,
      2.5,
      2.5,
      2.5
    ]
  },
  "n_seeds": 5,
  "temperature": 0.7,
  "ctx_len": 36,
  "fmt_per_seed_rmse": [
    0.30703602188546214,
    0.2590507551335258,
    0.26813265137847353,
    0.3155030803894789,
    0.28892947882701403
  ]
}