{
  "origins": [
    "2025-04",
    "2025-05",
    "2025-06",
    "2025-07",
    "2025-08",
    "2025-09",
    "2025-10",
    "2025-11"
  ],
  "targets": [
    "2025-05",
    "2025-06",
    "2025-07",
    "2025-08",
    "2025-09",
    "2025-10",
    "2025-11",
    "2025-12"
  ],
  "actuals": {
    "2025-05": 1.90184,
    "2025-06": 2.169712,
    "2025-07": 2.094103,
    "2025-08": 1.66754,
    "2025-09": 2.10205,
    "2025-10": 2.38033,
    "2025-11": 2.447552,
    "2025-12": 2.314855
  },
  "hcx_results": {
    "2025-05|cov": [
      2.1,
      2.1,
      2.1,
      2.1,
      2.15
    ],
    "2025-05|univar": [
      2.1,
      2.15,
      2.1,
      2.1,
      2.1
    ],
    "2025-06|cov": [
      1.8,
      1.8,
      1.8,
      1.85,
      1.8
    ],
    "2025-06|univar": [
      1.8,
      1.8,
      1.8,
      1.8,
      1.8
    ],
    "2025-07|univar": [
      2.2,
      2.1,
      2.3,
      2.2,
      2.2
    ],
    "2025-07|cov": [
      2.2,
      2.3,
      2.1,
      2.2,
      2.2
    ],
    "2025-08|cov": [
      2.1,
      2.1,
      2.1,
      2.1,
      2.1
    ],
    "2025-08|univar": [
      2.05,
      2.1,
      2.1,
      2.15,
      2.05
    ],
    "2025-09|cov": [
      1.6,
      1.5,
      1.5,
      1.6,
      1.7
    ],
    "2025-10|cov": [
      2.15,
      2.3,
      2.1,
      2.3,
      2.15
    ],
    "2025-09|univar": [
      1.5,
      1.6,
      1.6,
      1.5,
      1.8
    ],
    "2025-10|univar": [
      2.1,
      2.15,
      2.15,
      2.1,
      2.15
    ],
    "2025-11|cov": [
      2.5,
      2.4,
      2.4,
      2.5,
      2.5
    ],
    "2025-11|univar": [
      2.3,
      2.3,
      2.5,
      2.4,
      2.4
    ],
    "2025-12|cov": [
      2.5,
      2.4,
      2.4,
      2.45,
      2.3
    ],
    "2025-12|univar": [
      2.4,
      2.4,
      2.5,
      2.5,
      2.4
    ]
  },
  "baselines": {
    "2025-05": {
      "RW": 2.078765,
      "AR(1)": 2.0858442185308963,
      "Trend12": 1.779284136363636,
      "BoK linear": 2.0754831250000003,
      "MA12": 2.02960875
    },
    "2025-06": {
      "RW": 1.90184,
      "AR(1)": 1.9151704770179694,
      "Trend12": 1.8730751818181823,
      "BoK linear": 1.90593,
      "MA12": 1.9653832500000001
    },
    "2025-07": {
      "RW": 2.169712,
      "AR(1)": 2.173484899040801,
      "Trend12": 2.0356965909090907,
      "BoK linear": 2.162640666666667,
      "MA12": 1.9452810000000003
    },
    "2025-08": {
      "RW": 2.094103,
      "AR(1)": 2.100572284612781,
      "Trend12": 2.2139787727272724,
      "BoK linear": 2.0901820416666665,
      "MA12": 1.907132
    },
    "2025-09": {
      "RW": 1.66754,
      "AR(1)": 1.68912851996595,
      "Trend12": 2.1565345000000002,
      "BoK linear": 1.6813925,
      "MA12": 1.87835825
    },
    "2025-10": {
      "RW": 2.10205,
      "AR(1)": 2.108228019868555,
      "Trend12": 2.171000181818181,
      "BoK linear": 2.097797916666667,
      "MA12": 1.92060925
    },
    "2025-11": {
      "RW": 2.38033,
      "AR(1)": 2.3763745977888084,
      "Trend12": 2.1827625303030307,
      "BoK linear": 2.3644829166666663,
      "MA12": 2.014499916666667
    },
    "2025-12": {
      "RW": 2.447552,
      "AR(1)": 2.4411549607287415,
      "Trend12": 2.223586848484849,
      "BoK linear": 2.428904,
      "MA12": 2.091258666666667
    }
  },
  "n_seeds": 5,
  "temperature": 0.7,
  "ctx_len": 36
}