{
  "actuals": {
    "2025-05": 1.90184,
    "2025-06": 2.169712,
    "2025-07": 2.094103,
    "2025-08": 1.66754,
    "2025-09": 2.10205,
    "2025-10": 2.38033,
    "2025-11": 2.447552,
    "2025-12": 2.314855
  },
  "modes": [
    "stepback",
    "critique",
    "csilag"
  ],
  "targets": [
    "2025-05",
    "2025-06",
    "2025-07",
    "2025-08",
    "2025-09",
    "2025-10",
    "2025-11",
    "2025-12"
  ],
  "n_seeds": 5,
  "temperature": 0.7,
  "results": {
    "stepback": {
      "forecasts": {
        "2025-06": [
          2.0,
          2.1,
          2.1,
          2.0,
          2.0
        ],
        "2025-05": [
          2.1,
          2.1,
          2.05,
          2.1,
          2.15
        ],
        "2025-07": [
          2.3,
          2.3,
          2.3,
          2.3,
          2.25
        ],
        "2025-08": [
          2.2,
          2.2,
          2.2,
          2.15,
          2.15
        ],
        "2025-09": [
          2.1,
          1.8,
          1.8,
          1.7,
          1.8
        ],
        "2025-10": [
          2.15,
          2.15,
          2.3,
          2.15,
          2.05
        ],
        "2025-11": [
          2.4,
          2.5,
          2.42,
          2.1,
          2.5
        ],
        "2025-12": [
          2.5,
          2.5,
          2.5,
          2.5,
          2.5
        ]
      },
      "rmse_mean_curve": 0.2531344785588285,
      "per_seed_rmse": [
        0.24585888988452298,
        0.26252379651233526,
        0.2463339374411289,
        0.29853767557085653,
        0.27037905102882875
      ]
    },
    "critique": {
      "forecasts": {
        "2025-06": [
          2.1,
          2.0,
          2.1,
          2.0,
          2.0
        ],
        "2025-05": [
          2.1,
          2.05,
          2.1,
          2.1,
          2.0
        ],
        "2025-07": [
          2.1,
          2.3,
          2.2,
          2.2,
          2.1
        ],
        "2025-08": [
          2.1,
          2.3,
          2.1,
          2.1,
          2.2
        ],
        "2025-09": [
          2.1,
          1.8,
          1.7,
          1.7,
          1.7
        ],
        "2025-10": [
          2.3,
          2.1,
          2.1,
          2.1,
          2.1
        ],
        "2025-11": [
          2.4,
          2.4,
          2.3,
          2.4,
          2.1
        ],
        "2025-12": [
          2.5,
          2.4,
          2.4,
          2.4,
          2.4
        ]
      },
      "rmse_mean_curve": 0.24272304945194234,
      "per_seed_rmse": [
        0.1851285195080704,
        0.2899316190677553,
        0.2528866717232247,
        0.2539796620504288,
        0.29373822314307346
      ]
    },
    "csilag": {
      "forecasts": {
        "2025-05": [
          2.15,
          2.1,
          2.1,
          2.05,
          2.1
        ],
        "2025-06": [
          1.8,
          1.75,
          2.1,
          1.95,
          1.8
        ],
        "2025-07": [
          2.1,
          2.3,
          2.3,
          2.0,
          2.3
        ],
        "2025-08": [
          2.0,
          2.3,
          2.05,
          2.2,
          2.2
        ],
        "2025-09": [
          1.7,
          1.7,
          1.7,
          1.7,
          1.6
        ],
        "2025-10": [
          2.3,
          2.3,
          2.3,
          2.15,
          2.15
        ],
        "2025-11": [
          2.45,
          2.4,
          2.5,
          2.4,
          2.0
        ],
        "2025-12": [
          2.5,
          2.5,
          2.5,
          2.5,
          2.5
        ]
      },
      "rmse_mean_curve": 0.2758613850020513,
      "per_seed_rmse": [
        0.25278858505725693,
        0.32834085754783854,
        0.23396659747761,
        0.2769994923014301,
        0.36082356316522624
      ]
    }
  }
}