{
  "actuals": {
    "2025-05": 1.90184,
    "2025-06": 2.169712,
    "2025-07": 2.094103,
    "2025-08": 1.66754,
    "2025-09": 2.10205,
    "2025-10": 2.38033,
    "2025-11": 2.447552,
    "2025-12": 2.314855
  },
  "n_seeds": 5,
  "results": {
    "claude-opus-4-7": {
      "label": "Opus 4.7 (cutoff 2026-01)",
      "forecasts": {
        "2025-05": [
          2.15,
          2.12,
          2.1,
          2.15,
          2.13
        ],
        "2025-06": [
          1.85,
          1.85,
          1.85,
          1.85
        ],
        "2025-07": [
          2.15,
          2.15
        ],
        "2025-08": [
          2.05,
          2.05,
          2.05
        ],
        "2025-09": [
          1.75
        ],
        "2025-10": [
          1.95
        ],
        "2025-11": [
          2.25,
          2.15,
          2.15,
          2.15,
          2.15
        ],
        "2025-12": [
          2.5,
          2.42,
          2.45,
          2.42,
          2.55
        ]
      },
      "rationale_first_seed": {
        "2025-05": "Step 1: var_1 trajectory t=31-36: 1.526, 1.934, 2.244, 2.021, 2.054, 2.079 — recovered from a low at t=30 (1.254) and stabilized around 2.0-2.2. Step 2: var_3 co-moves with var_1 (t=31-36: 2.04, 2.00, 1.94, 1.99, 2.14, 2.02 — similar leveling pattern). var_2 inversely correlates (declining 0.653->0.628 as var_1 stabilized low). var_17 has been rising (4.416->4.576) suggesting mild upward pressure. Step 3: var_3 ticked down slightly (2.14->2.02) and var_2 continues to drop, suggesting var_1 stays near current level with a slight upward bias from var_17 increase and var_5 increase (73.47->75.81). Step 4: Combining slight upward momentum with stabilization, forecast ~2.15.",
        "2025-06": "Step 1: var_1 trajectory t=31-36: 1.934, 2.244, 2.021, 2.054, 2.079, 1.902 — oscillating around 2.0 with a slight downward tilt at t=36. Step 2: var_3 co-moves closely with var_1 (t=31-36: 2.0, 1.94, 1.99, 2.14, 2.02, 1.83 — also dropped at t=36). var_2 inversely correlates somewhat (rising at t=36 to 0.644). var_5 has been rising recently (73.47, 75.81, 74.5) which historically aligns with weakness in var_1. var_6 has surged (0.386→0.775) coinciding with var_1 staying suppressed. Step 3: var_3's drop to 1.83 at t=36 and var_6 remaining elevated, plus var_2 ticking up, suggest continued mild downward pressure on var_1. Step 4: Combining the slight downtrend at t=36 (1.902) with the supporting covariate signals, I forecast var_1 ≈ 1.85.",
        "2025-07": "Step 1: var_1 from t=31 to t=36: 2.244, 2.021, 2.054, 2.079, 1.902, 2.170 — oscillating around 2.0-2.2 with a slight rebound at t=36. Step 2: var_3 co-moves with var_1 (declining: 1.94, 1.99, 2.14, 2.02, 1.83, 1.79); var_5 also co-moves (71.35, 72.6, 73.47, 75.81, 74.5, 73.69); var_6 rose sharply (0.767→0.773) and tends to be inversely correlated with var_1's longer-term level. var_10 jumped to 100.555 at t=36 from 87.374, similar to earlier instances (t=12-13) preceding small dips. Step 3: var_3 still declining and var_6 high suggest continued suppression of var_1, but the recent t=36 uptick to 2.17 with var_5 easing slightly suggests near-term stability. Step 4: Expect var_1 near recent mean ~2.05-2.20, slight pullback from 2.17 toward 2.15.",
        "2025-08": "Step 1: var_1 over t=31-36: 2.021, 2.054, 2.079, 1.902, 2.170, 2.094 — oscillating in a tight range around 2.0-2.1, essentially flat with mild mean reversion. Step 2: var_3 co-moves with var_1 (both declining from earlier highs to current lows: var_3 went 1.99,2.14,2.02,1.83,1.79,1.78 over t=31-36, mirroring var_1's stabilization). var_5 also co-moves loosely (72.6,73.47,75.81,74.5,73.69,72.22). var_6 has plateaued near 0.77-0.79 (t=30-36), suggesting regime stability. Step 3: var_3 still declining slightly while var_1 ticked down from 2.170 to 2.094; var_6 flat indicates no regime shift. Mean of last 6 var_1 values is ~2.053, recent values cluster near 2.05-2.10. Expect slight reversion toward the recent mean. Step 4: Forecast ~2.05.",
        "2025-09": "Step 1: var_1 over t=31-36 is 2.054, 2.079, 1.902, 2.170, 2.094, 1.668, showing a recent downward move with a sharp drop at t=36. Step 2: var_3 co-moves strongly with var_1 (t=31-36: 2.14, 2.02, 1.83, 1.79, 1.78, 1.66 - declining trend matches). var_5 also tracks loosely (75.81 down to 72.11). var_8 has turned more negative (-0.624, -0.740, -0.817 at t=34-36), which historically aligns with var_1 weakness. Step 3: var_3 continues falling, var_8 deepening negative, var_20 rising (108.6, 110.7, 111.2) suggests continued pressure. These imply var_1 stays low or drifts slightly lower from 1.668. Step 4: Combining the downward momentum with mild mean reversion from the sharp t=36 drop, forecast ~1.75.",
        "2025-10": "Step 1: var_1 over t=31-36: 2.079, 1.902, 2.170, 2.094, 1.668, 2.102. It's been oscillating around ~2.0 with a slight downward trajectory from earlier highs. Step 2: var_3 co-moves with var_1 — both have been declining (var_3: 2.02, 1.83, 1.79, 1.78, 1.66, 1.68 over t=31-36). var_13 also co-moves down (33.72 -> 31.973). var_8 has trended more negative (0.09 -> -0.846), which has historically aligned with weaker var_1. var_5 (71.53) declining slightly aligns with downward pressure. Step 3: var_3 ticked up slightly (1.66->1.68), var_8 still very negative, var_13 still falling. Mixed but suggests var_1 stays in the 1.9-2.1 range, likely a small mean reversion after the t=35 dip and t=36 bounce. Step 4: Average of recent values ~1.99; with slight upward tick in var_3 and recent bounce, forecast ~1.95.",
        "2025-11": "Step 1: var_1 from t=31-36: 1.902, 2.170, 2.094, 1.668, 2.102, 2.380 — oscillating around 2.0 with recent upward momentum (last two prints 2.102 → 2.380). Step 2: var_3 co-moves positively with var_1 (both declined from ~2.9 at t=3 down to ~1.7 by t=36; recent values 1.83, 1.79, 1.78, 1.66, 1.68, 1.69 — stabilizing). var_5 also co-moves (declining trend 75.21→70.56). var_8 tends to lead inversely; t=34-36 values -0.817, -0.846, -0.547 (rising back toward zero) suggests var_1 strength. Step 3: var_3 stabilizing/slightly up, var_8 rebounding upward, and recent var_1 momentum (1.668→2.102→2.380) imply continued modest positive drift but with mean-reversion pull toward ~2.1. Step 4: Combining momentum (+) and mean reversion, forecast ~2.25.",
        "2025-12": "Step 1: var_1 over t=31-36: 2.170, 2.094, 1.668, 2.102, 2.380, 2.448 — after dipping at t=33, it has risen for three consecutive steps with momentum. Step 2: var_3 co-moves with var_1 (declining trend: 1.79, 1.78, 1.66, 1.68, 1.69, 1.66 — leveling off). var_5 also co-moves on a slow downtrend (73.69→69.4). var_18 has been rising (2.628, 2.413, 3.239, 3.87, 3.87, 3.293), suggesting recovery momentum that has accompanied var_1's bounce. var_17 stable around 4.5-4.7. Step 3: The 3-step rising sequence in var_1 (1.668→2.102→2.380→2.448), combined with var_18 still elevated and var_3 stabilizing, suggests continued mild upward drift, though deceleration is likely (last increment was only +0.068 vs prior +0.278). Step 4: Extrapolating modest continued rise gives ~2.50."
      },
      "rmse_mean_curve": 0.298597657785941,
      "per_seed_rmse": [
        0.29487875683956954
      ]
    },
    "claude-sonnet-4-5": {
      "label": "Sonnet 4.5 (cutoff 2024-04, clean control)",
      "forecasts": {
        "2025-05": [
          2.15,
          2.15,
          2.15,
          2.11,
          2.11
        ],
        "2025-06": [
          1.75,
          1.75,
          1.75,
          1.75,
          2.05
        ],
        "2025-07": [
          2.35,
          2.28,
          2.28,
          2.35
        ],
        "2025-08": [
          2.15,
          2.15,
          2.15
        ],
        "2025-09": [
          1.52,
          1.52,
          1.52
        ],
        "2025-10": [
          2.25,
          2.15
        ],