{
  "targets": [
    "2025-05",
    "2025-06",
    "2025-07",
    "2025-08",
    "2025-09",
    "2025-10",
    "2025-11",
    "2025-12"
  ],
  "actuals": {
    "2025-05": 1.90184,
    "2025-06": 2.169712,
    "2025-07": 2.094103,
    "2025-08": 1.66754,
    "2025-09": 2.10205,
    "2025-10": 2.38033,
    "2025-11": 2.447552,
    "2025-12": 2.314855
  },
  "results": {
    "2025-05|cov_aug": [
      2.1,
      2.1,
      2.1,
      2.1,
      2.15
    ],
    "2025-05|cov_base": [
      2.1,
      2.1,
      2.1,
      2.12,
      2.15
    ],
    "2025-06|cov_base": [
      2.0,
      1.8,
      2.0,
      2.0,
      1.8
    ],
    "2025-06|cov_aug": [
      1.8,
      1.8,
      1.85,
      1.9,
      1.8
    ],
    "2025-07|cov_base": [
      2.2,
      2.2,
      2.2,
      2.15,
      2.3
    ],
    "2025-07|cov_aug": [
      2.2,
      2.2,
      2.3,
      2.2,
      2.15
    ],
    "2025-08|cov_base": [
      2.1,
      2.2,
      2.1,
      2.1,
      2.1
    ],
    "2025-08|cov_aug": [
      2.05,
      2.1,
      2.05,
      2.05,
      2.1
    ],
    "2025-09|cov_base": [
      1.5,
      1.6,
      1.8,
      2.0,
      1.6
    ],
    "2025-09|cov_aug": [
      1.5,
      1.6,
      1.6,
      1.5,
      1.7
    ],
    "2025-10|cov_base": [
      2.1,
      2.1,
      2.15,
      2.15,
      2.3
    ],
    "2025-10|cov_aug": [
      2.15,
      2.3,
      2.15,
      2.3,
      2.2
    ],
    "2025-11|cov_base": [
      2.4,
      2.4,
      2.4,
      2.5,
      2.4
    ],
    "2025-11|cov_aug": [
      2.4,
      2.4,
      2.5,
      2.4,
      2.4
    ],
    "2025-12|cov_base": [
      2.5,
      2.5,
      2.3,
      2.4,
      2.5
    ],
    "2025-12|cov_aug": [
      2.4,
      2.45,
      2.45,
      2.4,
      2.45
    ]
  },
  "n_seeds": 5,
  "temperature": 0.7,
  "ctx_len": 36,
  "base_per_seed_rmse": [
    0.30493736034676044,
    0.32362423230538534,
    0.22723153112024316,
    0.20615790364487607,
    0.3005687421127653
  ],
  "aug_per_seed_rmse": [
    0.30791052878271313,
    0.2857495953369839,
    0.2864160980728038,
    0.2845895618873785,
    0.27456896899549665
  ]
}