{
  "targets": [
    "2025-05",
    "2025-06",
    "2025-07",
    "2025-08",
    "2025-09",
    "2025-10",
    "2025-11",
    "2025-12"
  ],
  "actuals": {
    "2025-05": 1.90184,
    "2025-06": 2.169712,
    "2025-07": 2.094103,
    "2025-08": 1.66754,
    "2025-09": 2.10205,
    "2025-10": 2.38033,
    "2025-11": 2.447552,
    "2025-12": 2.314855
  },
  "results": {
    "claude-opus-4-7|2025-05|univar": [
      2.0,
      2.0,
      2.0,
      2.0,
      2.0
    ],
    "claude-opus-4-7|2025-05|cov": [
      2.0,
      1.95,
      2.0,
      1.95,
      1.95
    ],
    "claude-opus-4-7|2025-06|cov": [
      2.0,
      2.0,
      2.0,
      2.0,
      1.9
    ],
    "claude-opus-4-7|2025-06|univar": [
      2.0,
      2.0,
      2.0,
      2.0,
      2.0
    ],
    "claude-opus-4-7|2025-07|univar": [
      2.1,
      2.1,
      2.1,
      2.1,
      2.1
    ],
    "claude-opus-4-7|2025-07|cov": [
      2.1,
      2.1
    ],
    "claude-opus-4-7|2025-08|cov": [
      2.0,
      2.0,
      2.0
    ],
    "claude-opus-4-7|2025-08|univar": [
      2.0,
      2.0,
      2.0,
      2.0,
      2.0
    ],
    "claude-opus-4-7|2025-09|univar": [
      1.9,
      1.9,
      1.9
    ],
    "claude-opus-4-7|2025-09|cov": [
      1.8,
      1.9
    ],
    "claude-opus-4-7|2025-10|cov": [
      2.2,
      2.2
    ],
    "claude-opus-4-7|2025-10|univar": [
      2.3,
      2.3,
      2.3,
      2.3
    ],
    "claude-opus-4-7|2025-11|cov": [
      2.3,
      2.3
    ],
    "claude-opus-4-7|2025-11|univar": [
      2.3,
      2.3,
      2.3,
      2.3,
      2.3
    ],
    "claude-opus-4-7|2025-12|cov": [
      2.4,
      2.3,
      2.3
    ],
    "claude-opus-4-7|2025-12|univar": [
      2.4,
      2.4,
      2.4,
      2.4
    ],
    "claude-opus-4-5|2025-05|cov": [
      1.8,
      1.8
    ],
    "claude-opus-4-5|2025-05|univar": [
      1.8,
      1.8,
      2.1,
      2.2,
      2.2
    ],
    "claude-opus-4-5|2025-06|cov": [
      1.7,
      1.7,
      1.7
    ],
    "claude-opus-4-5|2025-06|univar": [
      1.7,
      1.7,
      1.7,
      1.7,
      1.7
    ],
    "claude-opus-4-5|2025-07|univar": [
      2.0,
      2.0,
      2.0,
      2.0,
      2.0
    ],
    "claude-opus-4-5|2025-07|cov": [
      2.35,
      2.35
    ],
    "claude-opus-4-5|2025-08|cov": [
      1.8,
      1.8,
      1.8
    ],
    "claude-opus-4-5|2025-08|univar": [
      2.2,
      1.8,
      1.8,
      2.2,
      2.3
    ],
    "claude-opus-4-5|2025-09|cov": [
      1.9,
      1.9
    ],
    "claude-opus-4-5|2025-09|univar": [
      1.9,
      1.9,
      1.9,
      1.9,
      1.9
    ],
    "claude-opus-4-5|2025-10|cov": [
      1.8
    ],
    "claude-opus-4-5|2025-10|univar": [
      1.8,
      1.8,
      1.8,
      1.8,
      1.8
    ],
    "claude-opus-4-5|2025-11|cov": [
      1.7,
      1.7
    ],
    "claude-opus-4-5|2025-11|univar": [
      2.1,
      2.1,
      2.1,
      2.1,
      2.1
    ],
    "claude-opus-4-5|2025-12|cov": [
      2.1,
      2.1,
      2.1,
      2.1
    ],
    "claude-sonnet-4-5|2025-05|cov": [
      2.1,
      2.1,
      2.1,
      2.1,
      2.1
    ],
    "claude-opus-4-5|2025-12|univar": [
      2.6,
      2.6,
      2.6,
      2.6,
      2.6
    ],
    "claude-sonnet-4-5|2025-05|univar": [
      2.1,
      2.1,
      2.1,
      2.1,
      2.1
    ],
    "claude-sonnet-4-5|2025-06|cov": [
      1.7,
      1.7,
      1.7,
      1.7,
      1.7
    ],
    "claude-sonnet-4-5|2025-06|univar": [
      1.7,
      2.1,
      2.1,
      2.1,
      2.1
    ],
    "claude-sonnet-4-5|2025-07|cov": [
      2.4,
      2.4,
      2.4,
      2.4,
      2.4
    ],
    "claude-sonnet-4-5|2025-07|univar": [
      2.4,
      2.4,
      2.4,
      2.4,
      2.4
    ],
    "claude-sonnet-4-5|2025-08|cov": [
      2.1,
      2.1
    ],
    "claude-sonnet-4-5|2025-08|univar": [
      2.2,
      2.3,
      2.3,
      2.3,
      2.2
    ],
    "claude-sonnet-4-5|2025-09|univar": [
      2.1,
      2.1,
      2.1,
      2.1,
      2.1
    ],
    "claude-sonnet-4-5|2025-09|cov": [
      1.9,
      1.8
    ],
    "claude-sonnet-4-5|2025-10|univar": [
      2.4,
      2.4,
      2.8,
      2.5,
      2.4
    ],
    "claude-sonnet-4-5|2025-10|cov": [
      2.3
    ],
    "claude-sonnet-4-5|2025-11|cov": [
      2.6,
      2.6,
      2.6,
      2.6
    ],
    "claude-sonnet-4-5|2025-11|univar": [
      2.5,
      2.6,
      2.5,
      2.6,
      2.5
    ],
    "claude-sonnet-4-5|2025-12|univar": [
      2.6,
      2.6,
      2.1,
      2.6,
      2.6
    ],
    "claude-sonnet-4-5|2025-12|cov": [
      2.6,
      2.6,
      2.6,
      2.6
    ]
  },
  "n_seeds": 5,
  "temperature": 0.7,
  "ctx_len": 36
}