{
  "actuals": {
    "2025-05": 1.90184,
    "2025-06": 2.169712,
    "2025-07": 2.094103,
    "2025-08": 1.66754,
    "2025-09": 2.10205,
    "2025-10": 2.38033,
    "2025-11": 2.447552,
    "2025-12": 2.314855
  },
  "modes": [
    "wrong_cpi",
    "bias_feedback",
    "narrative"
  ],
  "targets": [
    "2025-05",
    "2025-06",
    "2025-07",
    "2025-08",
    "2025-09",
    "2025-10",
    "2025-11",
    "2025-12"
  ],
  "n_seeds": 5,
  "results": {
    "wrong_cpi": {
      "forecasts": {
        "2025-05": [
          4.5,
          4.5,
          4.5,
          4.5,
          4.4
        ],
        "2025-06": [
          4.6,
          4.5,
          4.5,
          4.6,
          4.6
        ],
        "2025-07": [
          4.6,
          4.6,
          5.0,
          4.6,
          4.6
        ],
        "2025-08": [
          4.6,
          4.6,
          4.6,
          4.5,
          4.6
        ],
        "2025-09": [
          4.6,
          4.5,
          4.5,
          4.6,
          4.6
        ],
        "2025-10": [
          4.6,
          4.5,
          4.5,
          4.5,
          4.5
        ],
        "2025-11": [
          4.5,
          4.5,
          4.5,
          4.5,
          4.5
        ],
        "2025-12": [
          4.6,
          4.6,
          4.6,
          4.5,
          4.6
        ]
      },
      "rmse_mean_curve": 2.4365139756905254,
      "per_seed_rmse": [
        2.4529751361836607,
        2.417051782385981,
        2.4723933786384498,
        2.415554831448719,
        2.428814786832304
      ]
    },
    "bias_feedback": {
      "forecasts": {
        "2025-05": [
          2.15,
          2.1,
          2.1,
          2.1,
          2.1
        ],
        "2025-06": [
          1.8,
          1.8,
          1.78,
          1.9,
          1.95
        ],
        "2025-07": [
          2.18,
          2.25,
          2.2,
          2.2,
          2.21
        ],
        "2025-08": [
          2.1,
          2.05,
          2.1,
          2.1,
          2.1
        ],
        "2025-09": [
          1.5,
          1.4,
          1.7,
          1.5,
          1.6
        ],
        "2025-10": [
          2.15,
          2.15,
          2.0,
          2.05,
          2.15
        ],
        "2025-11": [
          2.45,
          2.5,
          2.45,
          2.6,
          2.45
        ],
        "2025-12": [
          2.55,
          2.55,
          2.5,
          2.55,
          2.5
        ]
      },
      "rmse_mean_curve": 0.3126778169861911,
      "per_seed_rmse": [
        0.3285356848734244,
        0.3446926076016862,
        0.30206754829880356,
        0.32794120088096596,
        0.28004135629447663
      ]
    },
    "narrative": {
      "forecasts": {
        "2025-05": [
          2.05,
          2.05,
          2.05,
          2.05,
          2.08
        ],
        "2025-06": [
          1.95,
          2.0,
          1.95,
          1.95,
          1.85
        ],
        "2025-07": [
          2.25,
          2.3,
          2.3,
          2.3,
          2.3
        ],
        "2025-08": [
          2.2,
          2.15,
          2.18,
          2.15,
          2.2
        ],
        "2025-09": [
          1.8,
          1.85,
          1.8,
          1.7,
          1.8
        ],
        "2025-10": [
          2.15,
          2.15,
          2.15,
          2.2,
          2.2
        ],
        "2025-11": [
          2.5,
          2.5,
          2.5,
          2.5,
          2.5
        ],
        "2025-12": [
          2.5,
          2.5,
          2.5,
          2.5,
          2.5
        ]
      },
      "rmse_mean_curve": 0.26269837501448307,
      "per_seed_rmse": [
        0.26442339388800307,
        0.24482783488657897,
        0.2637586846631785,
        0.2684628814850388,
        0.27853333505210826
      ]
    }
  }
}