{
  "targets": [
    "2025-05",
    "2025-06",
    "2025-07",
    "2025-08",
    "2025-09",
    "2025-10",
    "2025-11",
    "2025-12"
  ],
  "actuals": {
    "2025-05": 1.90184,
    "2025-06": 2.169712,
    "2025-07": 2.094103,
    "2025-08": 1.66754,
    "2025-09": 2.10205,
    "2025-10": 2.38033,
    "2025-11": 2.447552,
    "2025-12": 2.314855
  },
  "results": {
    "2025-05|cov_base": [
      2.1,
      2.1,
      2.1,
      2.1,
      2.1
    ],
    "2025-05|cov_csi": [
      2.1,
      2.15,
      2.15,
      2.1,
      2.1
    ],
    "2025-06|cov_base": [
      1.8,
      1.8,
      1.83,
      1.9,
      1.9
    ],
    "2025-07|cov_base": [
      2.2,
      2.3,
      2.3,
      2.2,
      2.1
    ],
    "2025-06|cov_csi": [
      1.8,
      2.0,
      2.0,
      2.1,
      2.0
    ],
    "2025-07|cov_csi": [
      2.2,
      2.3,
      2.3,
      2.4,
      2.3
    ],
    "2025-08|cov_base": [
      2.1,
      2.1,
      2.1,
      2.15,
      2.15
    ],
    "2025-08|cov_csi": [
      2.15,
      2.1,
      2.15,
      2.1,
      2.15
    ],
    "2025-09|cov_base": [
      1.7,
      1.6,
      1.7,
      1.5,
      1.5
    ],
    "2025-09|cov_csi": [
      1.5,
      2.1,
      1.65,
      1.7,
      1.5
    ],
    "2025-10|cov_base": [
      2.15,
      2.15,
      2.1,
      2.1,
      2.15
    ],
    "2025-10|cov_csi": [
      2.1,
      2.15,
      2.15,
      2.15,
      2.3
    ],
    "2025-11|cov_base": [
      2.3,
      2.4,
      2.4,
      2.5,
      2.5
    ],
    "2025-11|cov_csi": [
      2.4,
      2.5,
      2.4,
      2.4,
      2.4
    ],
    "2025-12|cov_base": [
      2.4,
      2.5,
      2.45,
      2.5,
      2.4
    ],
    "2025-12|cov_csi": [
      2.4,
      2.5,
      2.5,
      2.5,
      2.5
    ]
  },
  "n_seeds": 5,
  "temperature": 0.7,
  "ctx_len": 36,
  "base_per_seed_rmse": [
    0.2779180521938977,
    0.3055764122690919,
    0.2839104898295412,
    0.3228916904091061,
    0.3103085057410609
  ],
  "full_per_seed_rmse": [
    0.32986666811796855,
    0.22635324988886285,
    0.2871166465659036,
    0.2683183160636821,
    0.30591823864433126
  ]
}